--
-- Script was generated by Devart dbForge Studio 2022 for MySQL, Version 9.1.21.0
-- Product home page: http://www.devart.com/dbforge/mysql/studio
-- Script date 2023/8/23 21:20:55
-- Server version: 10.6.5
-- Client version: 4.1
--

-- 
-- Disable foreign keys
-- 
/*!40014 SET @OLD_FOREIGN_KEY_CHECKS=@@FOREIGN_KEY_CHECKS, FOREIGN_KEY_CHECKS=0 */;

-- 
-- Set SQL mode
-- 
/*!40101 SET @OLD_SQL_MODE=@@SQL_MODE, SQL_MODE='NO_AUTO_VALUE_ON_ZERO' */;

-- 
-- Set character set the client will use to send SQL statements to the server
--
SET NAMES 'utf8';

--
-- Set default database
--
USE radius;

--
-- Drop table `nas`
--
DROP TABLE IF EXISTS nas;

--
-- Drop event `event_of_day`
--
DROP EVENT IF EXISTS event_of_day;

--
-- Drop procedure `proc_create_partition_day`
--
DROP PROCEDURE IF EXISTS proc_create_partition_day;

--
-- Drop event `event_of_month`
--
DROP EVENT IF EXISTS event_of_month;

--
-- Drop procedure `proc_drop_partition`
--
DROP PROCEDURE IF EXISTS proc_drop_partition;

--
-- Drop procedure `make_node_statistic`
--
DROP PROCEDURE IF EXISTS make_node_statistic;

--
-- Drop procedure `make_report`
--
DROP PROCEDURE IF EXISTS make_report;

--
-- Drop event `event_of_minute`
--
DROP EVENT IF EXISTS event_of_minute;

--
-- Drop table `online_user`
--
DROP TABLE IF EXISTS online_user;

--
-- Drop procedure `test_insert_radcheck`
--
DROP PROCEDURE IF EXISTS test_insert_radcheck;

--
-- Drop table `realm`
--
DROP TABLE IF EXISTS realm;

--
-- Drop table `offline_user`
--
DROP TABLE IF EXISTS offline_user;

--
-- Drop table `admin`
--
DROP TABLE IF EXISTS admin;

--
-- Drop procedure `proc_create_partition_month`
--
DROP PROCEDURE IF EXISTS proc_create_partition_month;

--
-- Drop view `view_radcheck`
--
DROP VIEW IF EXISTS view_radcheck CASCADE;

--
-- Drop view `view_radreply`
--
DROP VIEW IF EXISTS view_radreply CASCADE;

--
-- Drop table `account_info`
--
DROP TABLE IF EXISTS account_info;

--
-- Drop table `radpostauth`
--
DROP TABLE IF EXISTS radpostauth;

--
-- Drop table `radcheck`
--
DROP TABLE IF EXISTS radcheck;

--
-- Drop table `radreply`
--
DROP TABLE IF EXISTS radreply;

--
-- Drop function `get_radius_class_attr`
--
DROP FUNCTION IF EXISTS get_radius_class_attr;

--
-- Drop function `get_radius_hw_attr`
--
DROP FUNCTION IF EXISTS get_radius_hw_attr;

--
-- Drop function `get_radius_zte_attr`
--
DROP FUNCTION IF EXISTS get_radius_zte_attr;

--
-- Drop procedure `make_folder_statistic`
--
DROP PROCEDURE IF EXISTS make_folder_statistic;

--
-- Drop table `sidebar_tree`
--
DROP TABLE IF EXISTS sidebar_tree;

--
-- Drop table `node_statistic`
--
DROP TABLE IF EXISTS node_statistic;

--
-- Set default database
--
USE radius;

--
-- Create table `node_statistic`
--
CREATE TABLE node_statistic (
  node_id varchar(36) NOT NULL,
  total_accounts int(10) UNSIGNED DEFAULT 0,
  online_accounts int(10) UNSIGNED DEFAULT 0,
  online_terminals int(10) UNSIGNED DEFAULT 0,
  PRIMARY KEY (node_id)
)
ENGINE = INNODB,
AVG_ROW_LENGTH = 5461,
CHARACTER SET utf8mb4,
COLLATE utf8mb4_general_ci;

--
-- Create index `node_id_UNIQUE` on table `node_statistic`
--
ALTER TABLE node_statistic
ADD UNIQUE INDEX node_id_UNIQUE (node_id);

--
-- Create table `sidebar_tree`
--
CREATE TABLE sidebar_tree (
  id varchar(36) NOT NULL,
  label varchar(45) DEFAULT NULL,
  pid varchar(36) DEFAULT NULL,
  type tinyint(4) DEFAULT NULL,
  owner varchar(45) DEFAULT NULL,
  PRIMARY KEY (id)
)
ENGINE = INNODB,
AVG_ROW_LENGTH = 1365,
CHARACTER SET utf8mb4,
COLLATE utf8mb4_general_ci,
COMMENT = '管理后台的左侧树控件节点集合';

--
-- Create index `id_UNIQUE` on table `sidebar_tree`
--
ALTER TABLE sidebar_tree
ADD UNIQUE INDEX id_UNIQUE (id);

DELIMITER $$

--
-- Create procedure `make_folder_statistic`
--
CREATE
DEFINER = 'root'@'%'
PROCEDURE make_folder_statistic (IN `_node_id` varchar(36) CHARSET utf8, IN `i` int, IN `j` int, IN `k` int)
BEGIN
  DECLARE _pid varchar(36) DEFAULT "";

  #设置存储过程允许的最大递归层数，不设置默认为0，会导致递归调用失败
  SET @@max_sp_recursion_depth = 10;

  #判断该节点是否存在父节点
  IF EXISTS (SELECT
        *
      FROM sidebar_tree
      WHERE id = _node_id) THEN

    #存在则将父节点提取出来放到变量_pid
    SELECT
      pid INTO _pid
    FROM sidebar_tree
    WHERE id = _node_id;
    -- select _node_id, _pid;

    #如果该父节点存在记录，则本节点不是根节点（根节点的父节点指针没有对应记录）
    IF EXISTS (SELECT
          *
        FROM sidebar_tree
        WHERE id = _pid) THEN

      #则将当前节点的各个分量分别加到父节点
      INSERT INTO node_statistic (node_id, total_accounts, online_accounts, online_terminals)
        VALUE (_pid, total_accounts + i, online_accounts + j, online_terminals + k)
      ON DUPLICATE KEY UPDATE total_accounts = total_accounts + i, online_accounts = online_accounts + j, online_terminals = online_terminals + k;

      #递归调用自己直到找到根节点
      CALL make_folder_statistic(_pid, i, j, k);
    END IF;
  END IF;

END
$$

--
-- Create function `get_radius_zte_attr`
--
CREATE
DEFINER = 'root'@'%'
FUNCTION get_radius_zte_attr (ulimit int, dlimit int)
RETURNS varchar(100) CHARSET utf8mb4
DETERMINISTIC
BEGIN
  DECLARE ustr,
          dstr varchar(100);
  IF (dlimit = 0
    OR ulimit = 0) THEN
    RETURN NULL;
  END IF;
  SET ustr := HEX(ulimit);
  IF (LENGTH(ustr) > 8
    OR ulimit = 0) THEN
    SET ustr := 'FFFFFFFF';
  END IF;
  SET ustr := LPAD(ustr, 8, '0');
  SET dstr := HEX(dlimit);
  IF (LENGTH(dstr) > 8
    OR dlimit = 0) THEN
    SET dstr := 'FFFFFFFF';
  END IF;
  SET dstr := LPAD(dstr, 8, '0');
  RETURN CONCAT('0x00000F3E5906', dstr, '5306', ustr);

END
$$

--
-- Create function `get_radius_hw_attr`
--
CREATE
DEFINER = 'root'@'%'
FUNCTION get_radius_hw_attr (ulimit int, dlimit int)
RETURNS varchar(100) CHARSET utf8mb4
DETERMINISTIC
BEGIN

  DECLARE ustr,
          dstr varchar(100);
  IF (dlimit = 0
    OR ulimit = 0) THEN
    RETURN NULL;
  END IF;

  SET ustr := HEX(ulimit * 1024);
  IF (LENGTH(ustr) > 8
    OR ulimit = 0) THEN
    SET ustr := 'FFFFFFFF';
  END IF;
  SET ustr := LPAD(ustr, 8, '0');

  SET dstr := HEX(dlimit * 1024);
  IF (LENGTH(dstr) > 8
    OR dlimit = 0) THEN
    SET dstr := 'FFFFFFFF';
  END IF;
  SET dstr := LPAD(dstr, 8, '0');

  RETURN CONCAT('0x000007DB0206', dstr, '0306', dstr, '0506', ustr, '0606', ustr);
END
$$

--
-- Create function `get_radius_class_attr`
--
CREATE
DEFINER = 'root'@'%'
FUNCTION get_radius_class_attr (ulimit int, dlimit int)
RETURNS varchar(100) CHARSET utf8mb4
DETERMINISTIC
BEGIN
  #本函数输入上行速率，下行速率，转换为 radius client 接受的class 格式的字符串输出
  #若用Class属性携带CAR参数，长度最短为32位，且字符串中必须是0~9之间的数字，不能含有其它字符。将前32字节分成4个8字节
  DECLARE ustr,
          dstr varchar(100);

  SELECT
    CONCAT(ulimit * 1024, '') INTO ustr
  FROM dual;
  IF (LENGTH(ustr) > 8
    OR ulimit = 0) THEN
    #规定最大只能8位，超出无效，需要用厂家专用的26号radius属性进行调速
    RETURN NULL;
  END IF;
  SET ustr := LPAD(ustr, 8, '0');

  SELECT
    CONCAT(dlimit * 1024, '') INTO dstr
  FROM dual;
  IF (LENGTH(dstr) > 8
    OR dlimit = 0) THEN
    #规定最大只能8位，超出无效，需要用厂家专用的26号radius属性进行调速
    RETURN NULL;
  END IF;

  SET dstr := LPAD(dstr, 8, '0');

  #class 格式上行峰值速率，上行平均速率，下行峰值速率，下行平均速率
  RETURN CONCAT(ustr, ustr, dstr, dstr);
END
$$

DELIMITER ;

--
-- Create table `radreply`
--
CREATE TABLE radreply (
  id int(10) UNSIGNED NOT NULL AUTO_INCREMENT,
  username varchar(45) NOT NULL DEFAULT '',
  realm varchar(45) NOT NULL DEFAULT '',
  attribute varchar(64) NOT NULL DEFAULT '',
  op char(2) NOT NULL DEFAULT ':=',
  value varchar(253) NOT NULL DEFAULT '',
  account_id varchar(36) NOT NULL,
  is_frozen tinyint(4) NOT NULL DEFAULT 0,
  PRIMARY KEY (id)
)
ENGINE = INNODB,
AUTO_INCREMENT = 3,
AVG_ROW_LENGTH = 8192,
CHARACTER SET utf8mb4,
COLLATE utf8mb4_general_ci;

--
-- Create index `username` on table `radreply`
--
ALTER TABLE radreply
ADD INDEX username (username (32));

--
-- Create table `radcheck`
--
CREATE TABLE radcheck (
  id int(10) UNSIGNED NOT NULL AUTO_INCREMENT,
  username varchar(45) NOT NULL DEFAULT '',
  realm varchar(45) NOT NULL DEFAULT '',
  attribute varchar(64) NOT NULL DEFAULT '',
  op char(2) NOT NULL DEFAULT ':=',
  value varchar(253) NOT NULL DEFAULT '',
  account_id varchar(36) NOT NULL,
  is_frozen tinyint(4) NOT NULL DEFAULT 0,
  PRIMARY KEY (id)
)
ENGINE = INNODB,
AUTO_INCREMENT = 24,
CHARACTER SET utf8mb4,
COLLATE utf8mb4_general_ci;

--
-- Create index `ix_rcheck_username` on table `radcheck`
--
ALTER TABLE radcheck
ADD INDEX ix_rcheck_username (username);

--
-- Create table `radpostauth`
--
CREATE TABLE radpostauth (
  id bigint(20) NOT NULL AUTO_INCREMENT,
  username varchar(45) NOT NULL DEFAULT '',
  realm varchar(45) NOT NULL DEFAULT '',
  pass varchar(64) NOT NULL DEFAULT '',
  reply varchar(32) NOT NULL DEFAULT '',
  callingstationid varchar(50) NOT NULL DEFAULT '',
  nasidentifier varchar(80) NOT NULL DEFAULT '',
  authdate datetime NOT NULL DEFAULT current_timestamp ON UPDATE CURRENT_TIMESTAMP,
  _class varchar(64) DEFAULT NULL,
  PRIMARY KEY (id, authdate)
)
ENGINE = INNODB,
AUTO_INCREMENT = 157545,
AVG_ROW_LENGTH = 57344,
CHARACTER SET utf8mb4,
COLLATE utf8mb4_general_ci,
COMMENT = '认证日志表，按天分区，保留7天'
PARTITION BY RANGE (TO_DAYS(`authdate`))
(
PARTITION p20230807 VALUES LESS THAN (739105),
PARTITION p20230808 VALUES LESS THAN (739106),
PARTITION p20230809 VALUES LESS THAN (739107),
PARTITION p20230813 VALUES LESS THAN (739111),
PARTITION p20230815 VALUES LESS THAN (739113),
PARTITION p20230816 VALUES LESS THAN (739114),
PARTITION p20230817 VALUES LESS THAN (739115),
PARTITION max VALUES LESS THAN MAXVALUE
);

--
-- Create index `username` on table `radpostauth`
--
ALTER TABLE radpostauth
ADD INDEX username (username);

--
-- Create table `account_info`
--
CREATE TABLE account_info (
  id varchar(36) NOT NULL,
  user_name varchar(45) NOT NULL COMMENT '该字段和realm的组合通过唯一约束保证不重复',
  realm varchar(45) NOT NULL DEFAULT '',
  user_password varchar(45) NOT NULL DEFAULT '',
  auth_mode int(10) UNSIGNED ZEROFILL NOT NULL DEFAULT 0000000000,
  is_frozen tinyint(4) NOT NULL DEFAULT 0,
  admin_name varchar(45) NOT NULL DEFAULT '',
  valid_date datetime DEFAULT current_timestamp,
  expire_date datetime DEFAULT NULL,
  modify_date datetime NOT NULL DEFAULT current_timestamp COMMENT '通过update触发器自动维护',
  simual_use_limit int(11) NOT NULL DEFAULT 0,
  byte_remain bigint(20) NOT NULL DEFAULT 0,
  second_remain bigint(20) NOT NULL DEFAULT 0,
  max_session_timeout int(11) NOT NULL DEFAULT 0,
  inbound_car int(11) NOT NULL DEFAULT 0,
  outbound_car int(11) NOT NULL DEFAULT 0,
  qos_profile varchar(45) NOT NULL DEFAULT '' COMMENT 'qos 模板，对应BRAS起的名字',
  update_interval int(11) NOT NULL DEFAULT 0 COMMENT '计费报文间隔',
  PRIMARY KEY (id)
)
ENGINE = INNODB,
AVG_ROW_LENGTH = 5461,
CHARACTER SET utf8mb4,
COLLATE utf8mb4_general_ci,
COMMENT = '上网用户账号的属性表。方便ui展示和管理，最终要转换到radcheck和radreply的表让radius进程读取才起作用。';

--
-- Create index `user_unique` on table `account_info`
--
ALTER TABLE account_info
ADD UNIQUE INDEX user_unique (user_name, realm);

--
-- Create view `view_radreply`
--
CREATE
DEFINER = 'root'@'%'
VIEW view_radreply
AS
SELECT
  `radreply`.`id` AS `id`,
  CONCAT(`radreply`.`username`, `radreply`.`realm`) AS `UserName`,
  `radreply`.`attribute` AS `Attribute`,
  `radreply`.`value` AS `Value`,
  `radreply`.`op` AS `op`
FROM `radreply`
WHERE `radreply`.`attribute` NOT IN ('Session-Timeout', 'Acct-Interim-Interval', 'Class')
UNION ALL
SELECT
  '1000' AS `id`,
  CONCAT(`account_info`.`user_name`, `account_info`.`realm`) AS `UserName`,
  'Session-Timeout' AS `Attribute`,
  `account_info`.`max_session_timeout` AS `Value`,
  ':=' AS `op`
FROM `account_info`
WHERE `account_info`.`max_session_timeout` <> 0
UNION ALL
SELECT
  '1001' AS `id`,
  CONCAT(`account_info`.`user_name`, `account_info`.`realm`) AS `UserName`,
  'Acct-Interim-Interval' AS `Attribute`,
  `account_info`.`update_interval` AS `Value`,
  ':=' AS `op`
FROM `account_info`
WHERE `account_info`.`update_interval` <> 0
UNION ALL
SELECT
  '1002' AS `id`,
  CONCAT(`account_info`.`user_name`, `account_info`.`realm`) AS `UserName`,
  'Class' AS `Attribute`,
  `GET_RADIUS_CLASS_ATTR`(`account_info`.`inbound_car`, `account_info`.`outbound_car`) AS `VALUE`,
  ':=' AS `op`
FROM `account_info`
WHERE `GET_RADIUS_CLASS_ATTR`(`account_info`.`inbound_car`, `account_info`.`outbound_car`) IS NOT NULL
UNION ALL
SELECT
  '1003' AS `id`,
  CONCAT(`account_info`.`user_name`, `account_info`.`realm`) AS `UserName`,
  'Attr-26' AS `Attribute`,
  `GET_RADIUS_HW_ATTR`(`account_info`.`inbound_car`, `account_info`.`outbound_car`) AS `VALUE`,
  ':=' AS `op`
FROM `account_info`
WHERE `GET_RADIUS_HW_ATTR`(`account_info`.`inbound_car`, `account_info`.`outbound_car`) IS NOT NULL
UNION ALL
SELECT
  '1004' AS `id`,
  CONCAT(`account_info`.`user_name`, `account_info`.`realm`) AS `UserName`,
  'Attr-26' AS `Attribute`,
  `GET_RADIUS_ZTE_ATTR`(`account_info`.`inbound_car`, `account_info`.`outbound_car`) AS `VALUE`,
  ':=' AS `op`
FROM `account_info`
WHERE `GET_RADIUS_ZTE_ATTR`(`account_info`.`inbound_car`, `account_info`.`outbound_car`) IS NOT NULL;

--
-- Create view `view_radcheck`
--
CREATE
DEFINER = 'root'@'%'
VIEW view_radcheck
AS
SELECT
  `radcheck`.`id` AS `id`,
  CONCAT(`radcheck`.`username`, `radcheck`.`realm`) AS `UserName`,
  `radcheck`.`attribute` AS `Attribute`,
  `radcheck`.`value` AS `Value`,
  `radcheck`.`op` AS `op`
FROM `radcheck`
WHERE `radcheck`.`attribute` NOT IN ('Cleartext-Password', 'Simultaneous-Use')
UNION ALL
SELECT
  '1100' AS `id`,
  CONCAT(`account_info`.`user_name`, `account_info`.`realm`) AS `UserName`,
  'Cleartext-Password' AS `Attribute`,
  `account_info`.`user_password` AS `Value`,
  ':=' AS `op`
FROM `account_info`
WHERE `account_info`.`is_frozen` = 0
AND (`account_info`.`valid_date` IS NOT NULL
AND `account_info`.`valid_date` < CURRENT_TIMESTAMP()
OR `account_info`.`valid_date` IS NULL)
AND (`account_info`.`expire_date` IS NOT NULL
AND `account_info`.`expire_date` > CURRENT_TIMESTAMP()
OR `account_info`.`expire_date` IS NULL)
AND `account_info`.`byte_remain` >= 0
AND `account_info`.`second_remain` >= 0
UNION ALL
SELECT
  '1101' AS `id`,
  CONCAT(`account_info`.`user_name`, `account_info`.`realm`) AS `UserName`,
  'Simultaneous-Use' AS `Attribute`,
  `account_info`.`simual_use_limit` AS `Value`,
  ':=' AS `op`
FROM `account_info`
WHERE `account_info`.`simual_use_limit` > 0;

DELIMITER $$

--
-- Create procedure `proc_create_partition_month`
--
CREATE
DEFINER = 'root'@'%'
PROCEDURE proc_create_partition_month (IN `tableName` varchar(128) CHARSET utf8,
IN `timeColName` varchar(128) CHARSET utf8)
BEGIN
  #本存储过程会为指定的`tableName`和`timeColName`创建分区表，每天只创建一个，重复调用不会重复创建。
  DECLARE is_partition_exist int;
  DECLARE p_name varchar(16);
  DECLARE p_value varchar(16);
  DECLARE nextDate date;

  #测试是否存在任意分区
  SELECT
    COUNT(partition_name) INTO is_partition_exist
  FROM INFORMATION_SCHEMA.partitions
  WHERE TABLE_NAME = tableName;
  IF is_partition_exist = 0 THEN #如果没有任何分区则，则创建分区函数和一个max分区       
    SET @v_add = CONCAT('ALTER TABLE ', tableName, '  PARTITION BY RANGE (TO_DAYS(', timeColName, '))
( PARTITION max VALUES LESS THAN MAXVALUE ENGINE = INNODB)');

    SELECT
      @v_add;
    PREPARE stmt FROM @v_add;
    EXECUTE stmt;
  END IF;

  #测试是否存在max分区
  SELECT
    COUNT(PARTITION_DESCRIPTION) INTO is_partition_exist
  FROM INFORMATION_SCHEMA.partitions
  WHERE TABLE_NAME = tableName
  AND PARTITION_DESCRIPTION = 'MAXVALUE';
  IF is_partition_exist = 0 THEN #如果没有max分区则创建之       
    SET @v_add = CONCAT('ALTER TABLE ', tableName, ' ADD PARTITION (PARTITION max VALUES LESS THAN (MAXVALUE) ENGINE = INNODB);');
    SELECT
      @v_add;
    PREPARE stmt FROM @v_add;
    EXECUTE stmt;

  END IF;

  SELECT
    DATE_ADD(CURDATE() - DAY(CURDATE()) + 1, INTERVAL 1 MONTH) INTO nextDate
  FROM DUAL;

  SET p_name = CONCAT('p', DATE_FORMAT(nextDate, '%Y%m%d'));
  SET p_value = TO_DAYS(nextDate) + 1;

  #测试是否存在当月分区
  SELECT
    COUNT(PARTITION_DESCRIPTION) INTO is_partition_exist
  FROM INFORMATION_SCHEMA.partitions
  WHERE TABLE_NAME = tableName
  AND PARTITION_DESCRIPTION = p_value;

  IF is_partition_exist = 0 THEN #如果没有当月分区则创建之
    SET @v_add = CONCAT('ALTER table ', tableName
    , ' REORGANIZE PARTITION max INTO(PARTITION '
    , p_name
    , ' values less than ('
    , p_value, '),PARTITION max VALUES LESS THAN(MAXVALUE))');
    SELECT
      @v_add;
    PREPARE stmt FROM @v_add;
    EXECUTE stmt;
  END IF;
  DEALLOCATE PREPARE stmt;
END
$$

DELIMITER ;

--
-- Create table `admin`
--
CREATE TABLE admin (
  name varchar(45) NOT NULL,
  password varchar(45) DEFAULT NULL,
  nodeid varchar(36) DEFAULT NULL,
  role varchar(45) DEFAULT NULL,
  phone varchar(45) DEFAULT NULL,
  email varchar(45) DEFAULT NULL,
  PRIMARY KEY (name)
)
ENGINE = INNODB,
AVG_ROW_LENGTH = 1820,
CHARACTER SET utf8mb4,
COLLATE utf8mb4_general_ci,
COMMENT = '节点管理员列表';

--
-- Create index `name_UNIQUE` on table `admin`
--
ALTER TABLE admin
ADD UNIQUE INDEX name_UNIQUE (name);

--
-- Create table `offline_user`
--
CREATE TABLE offline_user (
  radacctid bigint(20) NOT NULL AUTO_INCREMENT,
  acctsessionid varchar(64) NOT NULL DEFAULT '',
  acctuniqueid varchar(32) NOT NULL DEFAULT '',
  username varchar(45) NOT NULL DEFAULT '',
  realm varchar(45) NOT NULL DEFAULT '',
  nasidentifier varchar(80) NOT NULL DEFAULT '',
  nasipaddress varchar(15) NOT NULL DEFAULT '',
  nasportid varchar(120) DEFAULT NULL,
  nasporttype varchar(32) DEFAULT NULL,
  acctstarttime datetime DEFAULT NULL,
  acctupdatetime datetime DEFAULT NULL,
  acctstoptime datetime NOT NULL DEFAULT current_timestamp,
  acctinterval int(11) DEFAULT NULL,
  acctsessiontime int(11) DEFAULT NULL,
  acctauthentic varchar(32) DEFAULT NULL,
  connectinfo_start varchar(128) DEFAULT NULL,
  connectinfo_stop varchar(128) DEFAULT NULL,
  acctinputoctets bigint(20) DEFAULT NULL,
  acctoutputoctets bigint(20) DEFAULT NULL,
  calledstationid varchar(50) NOT NULL DEFAULT '',
  callingstationid varchar(50) NOT NULL DEFAULT '',
  acctterminatecause varchar(32) NOT NULL DEFAULT '',
  servicetype varchar(32) DEFAULT NULL,
  framedprotocol varchar(32) DEFAULT NULL,
  framedipaddress varchar(15) NOT NULL DEFAULT '',
  framedipv6address varchar(45) NOT NULL DEFAULT '',
  framedipv6prefix varchar(45) NOT NULL DEFAULT '',
  framedinterfaceid varchar(44) NOT NULL DEFAULT '',
  delegatedipv6prefix varchar(45) NOT NULL DEFAULT '',
  _class varchar(64) DEFAULT NULL,
  kickme int(11) NOT NULL DEFAULT 0,
  PRIMARY KEY (radacctid, acctstoptime)
)
ENGINE = INNODB,
AUTO_INCREMENT = 2675919,
AVG_ROW_LENGTH = 2184,
CHARACTER SET utf8mb4,
COLLATE utf8mb4_general_ci
PARTITION BY RANGE (TO_DAYS(`acctstoptime`))
(
PARTITION p20230201 VALUES LESS THAN (738918),
PARTITION p20230401 VALUES LESS THAN (738977),
PARTITION p20230601 VALUES LESS THAN (739038),
PARTITION p20230701 VALUES LESS THAN (739068),
PARTITION p20230801 VALUES LESS THAN (739099),
PARTITION p20230901 VALUES LESS THAN (739130),
PARTITION max VALUES LESS THAN MAXVALUE
);

--
-- Create index `acctuniqueid` on table `offline_user`
--
ALTER TABLE offline_user
ADD UNIQUE INDEX acctuniqueid (acctuniqueid, acctstoptime);

--
-- Create index `acctsessionid` on table `offline_user`
--
ALTER TABLE offline_user
ADD INDEX acctsessionid (acctsessionid);

--
-- Create index `acctstarttime` on table `offline_user`
--
ALTER TABLE offline_user
ADD INDEX acctstarttime (acctstarttime);

--
-- Create index `acctstoptime` on table `offline_user`
--
ALTER TABLE offline_user
ADD INDEX acctstoptime (acctstoptime);

--
-- Create index `callingstationid` on table `offline_user`
--
ALTER TABLE offline_user
ADD INDEX callingstationid (callingstationid);

--
-- Create index `framedipaddress` on table `offline_user`
--
ALTER TABLE offline_user
ADD INDEX framedipaddress (framedipaddress);

--
-- Create index `nasipaddress` on table `offline_user`
--
ALTER TABLE offline_user
ADD INDEX nasipaddress (nasipaddress);

--
-- Create index `realm` on table `offline_user`
--
ALTER TABLE offline_user
ADD INDEX realm (realm);

--
-- Create table `realm`
--
CREATE TABLE realm (
  id varchar(36) NOT NULL,
  realm varchar(45) DEFAULT NULL,
  node_id varchar(36) NOT NULL,
  PRIMARY KEY (id)
)
ENGINE = INNODB,
AVG_ROW_LENGTH = 16384,
CHARACTER SET utf8mb4,
COLLATE utf8mb4_general_ci,
COMMENT = '记录管理节点和域（realm）的对应关系。';

--
-- Create index `id_UNIQUE` on table `realm`
--
ALTER TABLE realm
ADD UNIQUE INDEX id_UNIQUE (id);

--
-- Create index `realm_UNIQUE` on table `realm`
--
ALTER TABLE realm
ADD UNIQUE INDEX realm_UNIQUE (realm);

DELIMITER $$

--
-- Create procedure `test_insert_radcheck`
--
CREATE
DEFINER = 'root'@'%'
PROCEDURE test_insert_radcheck (IN p_from int, IN p_to int)
BEGIN
  DECLARE current_val int DEFAULT p_from;
loopname:
  LOOP
    INSERT INTO radius.account_info (id, user_name, realm, user_password, auth_mode, is_frozen, admin_name, valid_date, expire_date, modify_date, simual_use_limit, byte_remain, second_remain, max_session_timeout, inbound_car, outbound_car, qos_profile, update_interval)
      VALUES (CONCAT('test_', current_val), current_val, '@kdlk', '00000000', 0, 0, 'admin', '2023-08-01 14:13:29', NULL, '2023-08-01 14:13:29', 1, 0, 0, 0, 256000, 512000, '', 900);
    SET current_val = current_val + 1;
    IF current_val > p_to THEN
      LEAVE loopname;
    END IF;
  END LOOP loopname;
END
$$

DELIMITER ;

--
-- Create table `online_user`
--
CREATE TABLE online_user (
  radacctid bigint(20) NOT NULL AUTO_INCREMENT,
  acctsessionid varchar(64) NOT NULL DEFAULT '',
  acctuniqueid varchar(32) NOT NULL DEFAULT '',
  username varchar(45) NOT NULL DEFAULT '',
  realm varchar(45) NOT NULL DEFAULT '',
  nasidentifier varchar(80) NOT NULL DEFAULT '',
  nasipaddress varchar(15) NOT NULL DEFAULT '',
  nasportid varchar(120) DEFAULT NULL,
  nasporttype varchar(32) DEFAULT NULL,
  acctstarttime datetime DEFAULT NULL,
  acctupdatetime datetime NOT NULL DEFAULT current_timestamp,
  acctstoptime datetime DEFAULT NULL,
  acctinterval int(11) DEFAULT NULL,
  acctsessiontime int(11) DEFAULT NULL,
  acctauthentic varchar(32) DEFAULT NULL,
  connectinfo_start varchar(128) DEFAULT NULL,
  connectinfo_stop varchar(128) DEFAULT NULL,
  acctinputoctets bigint(20) DEFAULT NULL,
  acctoutputoctets bigint(20) DEFAULT NULL,
  calledstationid varchar(50) NOT NULL DEFAULT '',
  callingstationid varchar(50) NOT NULL DEFAULT '',
  acctterminatecause varchar(32) NOT NULL DEFAULT '',
  servicetype varchar(32) DEFAULT NULL,
  framedprotocol varchar(32) DEFAULT NULL,
  framedipaddress varchar(15) NOT NULL DEFAULT '',
  framedipv6address varchar(45) NOT NULL DEFAULT '',
  framedipv6prefix varchar(45) NOT NULL DEFAULT '',
  framedinterfaceid varchar(44) NOT NULL DEFAULT '',
  delegatedipv6prefix varchar(45) NOT NULL DEFAULT '',
  _class varchar(64) DEFAULT NULL,
  kickme int(11) NOT NULL DEFAULT 0,
  PRIMARY KEY (radacctid)
)
ENGINE = INNODB,
AUTO_INCREMENT = 2675919,
AVG_ROW_LENGTH = 16384,
CHARACTER SET utf8mb4,
COLLATE utf8mb4_general_ci;

--
-- Create index `acctuniqueid` on table `online_user`
--
ALTER TABLE online_user
ADD UNIQUE INDEX acctuniqueid (acctuniqueid);

--
-- Create index `acctsessionid` on table `online_user`
--
ALTER TABLE online_user
ADD INDEX acctsessionid (acctsessionid);

--
-- Create index `acctstarttime` on table `online_user`
--
ALTER TABLE online_user
ADD INDEX acctstarttime (acctstarttime);

--
-- Create index `acctstoptime` on table `online_user`
--
ALTER TABLE online_user
ADD INDEX acctstoptime (acctstoptime);

--
-- Create index `callingstationid` on table `online_user`
--
ALTER TABLE online_user
ADD INDEX callingstationid (callingstationid);

--
-- Create index `framedipaddress` on table `online_user`
--
ALTER TABLE online_user
ADD INDEX framedipaddress (framedipaddress);

--
-- Create index `framedipv6address` on table `online_user`
--
ALTER TABLE online_user
ADD INDEX framedipv6address (framedipv6address);

--
-- Create index `nasipaddress` on table `online_user`
--
ALTER TABLE online_user
ADD INDEX nasipaddress (nasipaddress);

--
-- Create index `username` on table `online_user`
--
ALTER TABLE online_user
ADD INDEX username (username);

DELIMITER $$

--
-- Create event `event_of_minute`
--
CREATE 
	DEFINER = 'root'@'%'
EVENT event_of_minute
	ON SCHEDULE EVERY '1' MINUTE
	STARTS '2023-05-11 02:35:39'
	DO 
BEGIN
#我们假设BRAS会定时发送计费更新报文，认为超过3600秒没有更新过在线记录的用户已经下线
UPDATE  radius.online_user SET acctstoptime=NOW() WHERE ABS(TIMESTAMPDIFF(SECOND, NOW(), acctupdatetime))>3600 AND acctstoptime IS NULL ;
#我们希望将已经下线的记录’移动‘到offline_user表，因为目标表有触发器又会主动删除源表（online_user）中的对应记录，
#所以不能直接在用 insert into offline_user select from online_user, 而是需要建立一张临时表作为中转
#我们假设记录不多，所以临时表用了内存引擎，如果记录太大要改用其他引擎
CREATE  TEMPORARY  TABLE `temp_user` (
  `radacctid` bigint NOT NULL AUTO_INCREMENT,
  `acctsessionid` varchar(64) NOT NULL DEFAULT '',
  `acctuniqueid` varchar(32) NOT NULL DEFAULT '',
  `username` varchar(45) NOT NULL DEFAULT '',
  `realm` varchar(45) NOT NULL DEFAULT '',
  `nasidentifier` varchar(80) NOT NULL DEFAULT '',
  `nasipaddress` varchar(15) NOT NULL DEFAULT '',
  `nasportid` varchar(120) DEFAULT NULL,
  `nasporttype` varchar(32) DEFAULT NULL,
  `acctstarttime` datetime DEFAULT NULL,
  `acctupdatetime` datetime DEFAULT NULL,
  `acctstoptime` datetime DEFAULT NULL,
  `acctinterval` int DEFAULT NULL,
  `acctsessiontime` int DEFAULT NULL,
  `acctauthentic` varchar(32) DEFAULT NULL,
  `connectinfo_start` varchar(128) DEFAULT NULL,
  `connectinfo_stop` varchar(128) DEFAULT NULL,
  `acctinputoctets` bigint DEFAULT NULL,
  `acctoutputoctets` bigint DEFAULT NULL,
  `calledstationid` varchar(50) NOT NULL DEFAULT '',
  `callingstationid` varchar(50) NOT NULL DEFAULT '',
  `acctterminatecause` varchar(32) NOT NULL DEFAULT '',
  `servicetype` varchar(32) DEFAULT NULL,
  `framedprotocol` varchar(32) DEFAULT NULL,
  `framedipaddress` varchar(15) NOT NULL DEFAULT '',
  `framedipv6address` varchar(45) NOT NULL DEFAULT '',
  `framedipv6prefix` varchar(45) NOT NULL DEFAULT '',
  `framedinterfaceid` varchar(44) NOT NULL DEFAULT '',
  `delegatedipv6prefix` varchar(45) NOT NULL DEFAULT '',
  `_class` varchar(64) DEFAULT NULL,
   kickme int NOT NULL DEFAULT 0,
  PRIMARY KEY (`radacctid`),
  UNIQUE KEY `acctuniqueid` (`acctuniqueid`)

) ENGINE=memory  DEFAULT CHARSET=utf8mb4 COLLATE=utf8mb4_general_ci;

#先拷到临时表
INSERT INTO temp_user
SELECT * FROM online_user WHERE acctstoptime IS NOT NULL ;

#再拷到目标表，目标表的触发器会把源表的对应记录删除
INSERT INTO offline_user SELECT * FROM temp_user  ;
drop table temp_user;

#清理ui上由于删除树节点而被破坏外键关联的元素
DELETE FROM realm  WHERE node_id NOT IN (SELECT id FROM sidebar_tree  );

DELETE FROM admin WHERE nodeid NOT IN (SELECT id FROM sidebar_tree  );
COMMIT;



END
$$

ALTER 
	DEFINER = 'root'@'%'
EVENT event_of_minute
	ENABLE
$$

--
-- Create procedure `make_report`
--
CREATE
DEFINER = 'root'@'%'
PROCEDURE make_report ()
BEGIN
  DECLARE acct1 int;
  DECLARE acct2 int;
  DECLARE acct int;
  DECLARE auth int;



  #10分钟内处理的计费报文
  SELECT
    COUNT(*) INTO acct1
  FROM offline_user
  WHERE acctstoptime > NOW() - INTERVAL 10 MINUTE;
  SELECT
    COUNT(*) INTO acct2
  FROM online_user
  WHERE acctupdatetime > NOW() - INTERVAL 10 MINUTE;
  SET acct = acct1 + acct2;

  #10分钟内处理的认证报文
  SELECT
    COUNT(*) INTO auth
  FROM radpostauth
  WHERE authdate > NOW() - INTERVAL 10 MINUTE;

  SELECT
    acct AS acct,
    auth AS auth;
#SELECT SUM(`acctinputoctets`+`acctoutputoctets`) FROM offline_user ;
#SELECT SUM(`acctinputoctets`+`acctoutputoctets`) FROM online_user ; 
#SELECT SUM(`acctsessiontime`) FROM offline_user;
#SELECT SUM(`acctsessiontime`) FROM online_user;

END
$$

--
-- Create procedure `make_node_statistic`
--
CREATE
DEFINER = 'root'@'%'
PROCEDURE make_node_statistic ()
BEGIN
  #1、通过两个嵌套游标，统计sidebar_tree表里面leaf节点里面包含的 总账号数，在线账号数，在线终端数,
  #并将统计结果储存在node_statistic表中。

  DECLARE i integer DEFAULT 0;
  DECLARE j integer DEFAULT 0;
  DECLARE k integer DEFAULT 0;

  #用于停止循环的开关变量（内外层循环公用）
  DECLARE v_finished integer DEFAULT 0;

  #存放游标遍历到的节点id
  DECLARE _node_id varchar(36) DEFAULT "";

  DECLARE _pid varchar(36) DEFAULT "";

  #存放游标遍历到的reaml
  DECLARE _realm varchar(45) DEFAULT "";

  -- declare cursor for node_id
  DECLARE leaf_cursor CURSOR FOR
  SELECT
    id
  FROM sidebar_tree
  WHERE type = 0;

  -- declare cursor for realm
  DECLARE realm_cursor CURSOR FOR
  SELECT
    realm
  FROM realm
  WHERE node_id = _node_id;

  -- declare cursor for leaf_id
  DECLARE leaf_statistic_cursor CURSOR FOR
  SELECT
    node_id
  FROM node_statistic
    INNER JOIN sidebar_tree
      ON node_statistic.node_id = sidebar_tree.id
  WHERE type = 0;

  -- declare NOT FOUND handler
  -- it is use for both inner and outer loop
  DECLARE CONTINUE HANDLER
  FOR NOT FOUND SET v_finished = 1;

  DELETE
    FROM node_statistic;
  OPEN leaf_cursor;
#外层循环取得树节点的id
get_id:
  LOOP
    FETCH leaf_cursor INTO _node_id;
    IF v_finished = 1 THEN
      LEAVE get_id;
    END IF;
    -- select _node_id;

    OPEN realm_cursor;
  #内层循环取得节点对应的realm值
  get_realm:
    LOOP
      FETCH realm_cursor INTO _realm;
      IF v_finished = 1 THEN
        LEAVE get_realm;
      END IF;
      -- SET realm_list = CONCAT(_realm,";",realm_list);
      -- select  realm_list ;
      SELECT
        COUNT(*) INTO i
      FROM account_info
      WHERE realm = _realm;
      SELECT
        COUNT(DISTINCT (username)) INTO j
      FROM online_user
      WHERE realm = _realm
      AND acctstoptime IS NULL;
      SELECT
        COUNT(DISTINCT (callingstationid)) INTO k
      FROM online_user
      WHERE realm = _realm
      AND acctstoptime IS NULL;

      #插入或更新到node_statistic表
      INSERT INTO node_statistic (node_id, total_accounts, online_accounts, online_terminals)
        VALUE (_node_id, total_accounts + i, online_accounts + j, online_terminals + k)
      ON DUPLICATE KEY UPDATE total_accounts = total_accounts + i, online_accounts = online_accounts + j, online_terminals = online_terminals + k;
    END LOOP get_realm;
    CLOSE realm_cursor;
    #内层循环结束，清除循环结束标志，以免影响外层循环
    SET v_finished = 0;
  END LOOP get_id;
  CLOSE leaf_cursor;
  SET v_finished = 0;

  #2、至此，表node_statistic里面记录了每个叶子节点的数据
  #从这些叶子节点的数据出发，通过调用递归存储过程，一直找到根folder节点，
  # 并在过程中将上面叶子节点的数据汇总到经过的每个folder节点中。
  OPEN leaf_statistic_cursor;
get_leaf_id:
  LOOP
    FETCH leaf_statistic_cursor INTO _node_id;
    IF v_finished = 1 THEN
      LEAVE get_leaf_id;
    END IF;
    SELECT
      total_accounts INTO i
    FROM node_statistic
    WHERE node_id = _node_id;
    SELECT
      online_accounts INTO j
    FROM node_statistic
    WHERE node_id = _node_id;
    SELECT
      online_terminals INTO k
    FROM node_statistic
    WHERE node_id = _node_id;

    #这里将数据交给 这个存储过程 ，该存储过程会递归直到找到根folder节点
    CALL make_folder_statistic(_node_id, i, j, k);
  -- LEAVE get_leaf_id;

  END LOOP get_leaf_id;
  CLOSE leaf_statistic_cursor;




END
$$

--
-- Create procedure `proc_drop_partition`
--
CREATE
DEFINER = 'root'@'%'
PROCEDURE proc_drop_partition (IN `tableName` varchar(128) CHARSET utf8, IN `reservePartition` int)
BEGIN
  DECLARE p_id int;
  DECLARE p_name varchar(16);

  SELECT
    COUNT(partition_name) INTO p_id
  FROM INFORMATION_SCHEMA.PARTITIONS
  WHERE TABLE_NAME = tableName;

  IF p_id > reservePartition THEN

    SELECT
      PARTITION_NAME INTO p_name
    FROM INFORMATION_SCHEMA.PARTITIONS
    WHERE TABLE_NAME = tableName
    ORDER BY partition_ordinal_position ASC LIMIT 1;

    IF p_name IS NOT NULL THEN
      SET @v_add = CONCAT('alter table ', tableName, ' drop partition ', p_name);
      PREPARE stmt FROM @v_add;
      EXECUTE stmt;
      DEALLOCATE PREPARE stmt;
    END IF;
  END IF;
END
$$

--
-- Create event `event_of_month`
--
CREATE 
	DEFINER = 'root'@'%'
EVENT event_of_month
	ON SCHEDULE EVERY '1' MONTH
	STARTS '2023-02-01 21:53:47'
	DO 
BEGIN



#创建新分区
call proc_create_partition_month('offline_user','acctstoptime');


#删除最旧的一个分区
call proc_drop_partition( 'offline_user',12);




END
$$

ALTER 
	DEFINER = 'root'@'%'
EVENT event_of_month
	ENABLE
$$

--
-- Create procedure `proc_create_partition_day`
--
CREATE
DEFINER = 'root'@'%'
PROCEDURE proc_create_partition_day (IN `tableName` varchar(128) CHARSET utf8, IN `timeColName` varchar(128) CHARSET utf8)
BEGIN
  #本存储过程会为指定的`tableName`和`timeColName`创建分区表，每天只创建一个，重复调用不会重复创建。
  DECLARE is_partition_exist int;
  DECLARE p_name varchar(16);
  DECLARE p_value varchar(16);

  #测试是否存在任意分区
  SELECT
    COUNT(partition_name) INTO is_partition_exist
  FROM INFORMATION_SCHEMA.partitions
  WHERE TABLE_NAME = tableName;
  IF is_partition_exist = 0 THEN #如果没有任何分区则，则创建分区函数和一个max分区       
    SET @v_add = CONCAT('ALTER TABLE ', tableName, '  PARTITION BY RANGE (TO_DAYS(', timeColName, '))
( PARTITION max VALUES LESS THAN MAXVALUE ENGINE = INNODB)');

    SELECT
      @v_add;
    PREPARE stmt FROM @v_add;
    EXECUTE stmt;
  END IF;

  #测试是否存在max分区
  SELECT
    COUNT(PARTITION_DESCRIPTION) INTO is_partition_exist
  FROM INFORMATION_SCHEMA.partitions
  WHERE TABLE_NAME = tableName
  AND PARTITION_DESCRIPTION = 'MAXVALUE';
  IF is_partition_exist = 0 THEN #如果没有max分区则创建之       
    SET @v_add = CONCAT('ALTER TABLE ', tableName, ' ADD PARTITION (PARTITION max VALUES LESS THAN (MAXVALUE) ENGINE = INNODB);');
    SELECT
      @v_add;
    PREPARE stmt FROM @v_add;
    EXECUTE stmt;

  END IF;

  SET p_name = CONCAT('p', DATE_FORMAT(CURDATE(), '%Y%m%d'));
  SET p_value = TO_DAYS(CURDATE()) + 1;

  #测试是否存在当日分区
  SELECT
    COUNT(PARTITION_DESCRIPTION) INTO is_partition_exist
  FROM INFORMATION_SCHEMA.partitions
  WHERE TABLE_NAME = tableName
  AND PARTITION_DESCRIPTION = p_value;

  IF is_partition_exist = 0 THEN #如果没有当日分区则创建之
    SET @v_add = CONCAT('ALTER table ', tableName
    , ' REORGANIZE PARTITION max INTO(PARTITION '
    , p_name
    , ' values less than ('
    , p_value, '),PARTITION max VALUES LESS THAN(MAXVALUE))');
    SELECT
      @v_add;
    PREPARE stmt FROM @v_add;
    EXECUTE stmt;
  END IF;
  DEALLOCATE PREPARE stmt;
END
$$

--
-- Create event `event_of_day`
--
CREATE 
	DEFINER = 'root'@'%'
EVENT event_of_day
	ON SCHEDULE EVERY '1' DAY
	STARTS '2023-01-05 05:02:52'
	DO 
BEGIN

 

call proc_create_partition_day('radpostauth','authdate');

#然后删除最早的一个分区
call proc_drop_partition( 'radpostauth',7);


END
$$

ALTER 
	DEFINER = 'root'@'%'
EVENT event_of_day
	ENABLE
$$

DELIMITER ;

--
-- Create table `nas`
--
CREATE TABLE nas (
  id int(11) NOT NULL AUTO_INCREMENT,
  nasname varchar(128) NOT NULL DEFAULT '*',
  shortname varchar(32) DEFAULT 'any',
  type varchar(30) DEFAULT 'other',
  ports int(11) DEFAULT 0,
  secret varchar(60) NOT NULL DEFAULT '',
  coa varchar(60) NOT NULL,
  server varchar(64) DEFAULT NULL,
  community varchar(50) DEFAULT NULL,
  description varchar(200) DEFAULT 'RADIUS Client',
  PRIMARY KEY (id)
)
ENGINE = INNODB,
AUTO_INCREMENT = 19,
AVG_ROW_LENGTH = 16384,
CHARACTER SET utf8mb4,
COLLATE utf8mb4_general_ci;

--
-- Create index `nasname` on table `nas`
--
ALTER TABLE nas
ADD INDEX nasname (nasname);

-- 
-- Dumping data for table sidebar_tree
--
INSERT INTO sidebar_tree VALUES
('0a102046-7718-41e4-9724-ae7e8701f63f', '可达拉克', 'fe3b0289-04b4-49da-8002-f67b00143a1f', 0, 'admin'),
('0f4208c9-6fec-4a1a-a1ad-f367a414f314', '认证日志', '0a102046-7718-41e4-9724-ae7e8701f63f', 9, NULL),
('14fa6fb0-5ece-48e8-9375-434ed51e86b7', '上网账号', '0a102046-7718-41e4-9724-ae7e8701f63f', 4, NULL),
('730525d3-d608-4972-8120-c83b9d0e1530', '在线用户', '0a102046-7718-41e4-9724-ae7e8701f63f', 8, NULL),
('81034dad-ccc5-4bb9-8020-9424bc5b0eac', '新疆广电', '81034dad-ccc5-4bb9-8020-9424bc5bccc', 1, 'admin'),
('92628dc0-f6cd-4a84-9845-c859951390a8', '上网记录', '0a102046-7718-41e4-9724-ae7e8701f63f', 5, NULL),
('fe3b0289-04b4-49da-8002-f67b00143a1f', '可达拉克', '81034dad-ccc5-4bb9-8020-9424bc5b0eac', 1, 'admin');

-- 
-- Dumping data for table realm
--
INSERT INTO realm VALUES
('21dc2e3229bafae19e75e2a3eee40bf5', '@kdlk', '0a102046-7718-41e4-9724-ae7e8701f63f');

-- 
-- Dumping data for table radreply
--
INSERT INTO radreply VALUES
(1, 'lkj', '@test', 'Session-Timeout', ':=', '0', '', 0),
(2, 'test01', '', 'Session-Timeout', ':=', '1', '', 0);

-- 
-- Dumping data for table radpostauth
--
INSERT INTO radpostauth VALUES
(151735, 'test', '@test', '0xf44433f06009c41e61e9d8c557476a67dd', 'Access-Reject', 'a3:33:33:33:33:33', 'NMHH-ME60-1', '2023-08-07 04:39:53', NULL);


-- 
-- Dumping data for table radcheck
--
-- Table radius.radcheck does not contain any data (it is empty)

-- 
-- Dumping data for table online_user
--
-- Table radius.online_user does not contain any data (it is empty)

-- 
-- Dumping data for table offline_user
--
-- Table radius.offline_user does not contain any data (it is empty)

-- 
-- Dumping data for table node_statistic
--
INSERT INTO node_statistic VALUES
('0a102046-7718-41e4-9724-ae7e8701f63f', 0, 0, 0),
('81034dad-ccc5-4bb9-8020-9424bc5b0eac', 0, 0, 0),
('fe3b0289-04b4-49da-8002-f67b00143a1f', 0, 0, 0);

-- 
-- Dumping data for table nas
--
INSERT INTO nas VALUES
(18, '*', 'any', 'other', 0, 'test', '', '', '', '');

-- 
-- Dumping data for table admin
--
INSERT INTO admin VALUES
('admin', '123456', '81034dad-ccc5-4bb9-8020-9424bc5b0eac', 'admin', NULL, NULL),
('dadada', '123456', '81034dad-ccc5-4bb9-8020-9424bc5b0eac', 'admin', '13424133093', 'liukaijie1980@gmail.com'),
('liukaijie', '123456', '0a102046-7718-41e4-9724-ae7e8701f63f', 'admin', '13570263044', '20786897@qq.com'),
('test001', 'test002', '81034dad-ccc5-4bb9-8020-9424bc5b0eac', 'admin', '13570263044', 'liukaijie1980@gmail.com'),
('test002', 'test002', '81034dad-ccc5-4bb9-8020-9424bc5b0eac', 'editor', '13570263044', 'liukaijie1980@gmail.com'),
('test003', 'test003', '81034dad-ccc5-4bb9-8020-9424bc5b0eac', 'admin', '13570263044', 'liukaijie1980@gmail.com'),
('test004', 'test004', '81034dad-ccc5-4bb9-8020-9424bc5b0eac', 'admin', '13424133093', 'liukaijie1980@gmail.com'),
('test005', 'test001', '81034dad-ccc5-4bb9-8020-9424bc5b0eac', 'admin', '13424133093', 'liukaijie1980@gmail.com'),
('test008', 'test001', '0a102046-7718-41e4-9724-ae7e8701f63f', 'admin', '13345678933', '20786897@qq.com'),
('test009', 'test001', '0a102046-7718-41e4-9724-ae7e8701f63f', 'admin', '13333333333', '20786897@qq.com');

-- 
-- Dumping data for table account_info
--
-- Table radius.account_info does not contain any data (it is empty)

--
-- Set default database
--
USE radius;

--
-- Drop trigger `offline_user_BEFORE_INSERT`
--
DROP TRIGGER IF EXISTS offline_user_BEFORE_INSERT;

--
-- Drop trigger `offline_user_BEFORE_UPDATE`
--
DROP TRIGGER IF EXISTS offline_user_BEFORE_UPDATE;

--
-- Drop trigger `online_user_BEFORE_INSERT`
--
DROP TRIGGER IF EXISTS online_user_BEFORE_INSERT;

--
-- Drop trigger `online_user_BEFORE_UPDATE`
--
DROP TRIGGER IF EXISTS online_user_BEFORE_UPDATE;

--
-- Drop trigger `radpostauth_BEFORE_INSERT`
--
DROP TRIGGER IF EXISTS radpostauth_BEFORE_INSERT;

--
-- Drop trigger `radpostauth_BEFORE_UPDATE`
--
DROP TRIGGER IF EXISTS radpostauth_BEFORE_UPDATE;

--
-- Drop trigger `trigger_modify_date`
--
DROP TRIGGER IF EXISTS trigger_modify_date;

--
-- Set default database
--
USE radius;

DELIMITER $$

--
-- Create trigger `trigger_modify_date`
--
CREATE
DEFINER = 'service_user'@'%'
TRIGGER trigger_modify_date
BEFORE UPDATE
ON account_info
FOR EACH ROW
BEGIN


  SET new.modify_date = CURRENT_TIMESTAMP;

END
$$

--
-- Create trigger `radpostauth_BEFORE_UPDATE`
--
CREATE
DEFINER = 'root'@'%'
TRIGGER radpostauth_BEFORE_UPDATE
BEFORE UPDATE
ON radpostauth
FOR EACH ROW
BEGIN
  #将radius进程传入的原始username，如格式为abc@realm 则改为 abc 存入 username, @realm 存入realm 字段
  IF INSTR(new.username, "@") > 0
    AND INSTR(new.realm, "@") = 0 THEN
    SET new.realm = SUBSTR(new.username, INSTR(new.username, "@"));
    SET new.username = LEFT(new.username, INSTR(new.username, "@") - 1);
  END IF;
END
$$

--
-- Create trigger `radpostauth_BEFORE_INSERT`
--
CREATE
DEFINER = 'root'@'%'
TRIGGER radpostauth_BEFORE_INSERT
BEFORE INSERT
ON radpostauth
FOR EACH ROW
BEGIN
  #将radius进程传入的原始username，如格式为abc@realm 则改为 abc 存入 username, @realm 存入realm 字段
  IF INSTR(new.username, "@") > 0
    AND INSTR(new.realm, "@") = 0 THEN
    SET new.realm = SUBSTR(new.username, INSTR(new.username, "@"));
    SET new.username = LEFT(new.username, INSTR(new.username, "@") - 1);
  END IF;
END
$$

--
-- Create trigger `online_user_BEFORE_UPDATE`
--
CREATE
DEFINER = 'root'@'%'
TRIGGER online_user_BEFORE_UPDATE
BEFORE UPDATE
ON online_user
FOR EACH ROW
BEGIN
  #将radius进程传入的原始username，如格式为abc@realm 则改为 abc 存入 username, @realm 存入realm 字段
  IF INSTR(new.username, "@") > 0
    AND INSTR(new.realm, "@") = 0 THEN
    SET new.realm = SUBSTR(new.username, INSTR(new.username, "@"));
    SET new.username = LEFT(new.username, INSTR(new.username, "@") - 1);
  END IF;

  #为时间统一，不采信radius的时间而采用数据库的时间

  SET new.acctupdatetime = NOW();


END
$$

--
-- Create trigger `online_user_BEFORE_INSERT`
--
CREATE
DEFINER = 'root'@'%'
TRIGGER online_user_BEFORE_INSERT
BEFORE INSERT
ON online_user
FOR EACH ROW
BEGIN
  #将radius进程传入的原始username，如格式为abc@realm 则改为 abc 存入 username, @realm 存入realm 字段
  IF INSTR(new.username, "@") > 0
    AND INSTR(new.realm, "@") = 0 THEN
    SET new.realm = SUBSTR(new.username, INSTR(new.username, "@"));
    SET new.username = LEFT(new.username, INSTR(new.username, "@") - 1);
  END IF;

  #为时间统一，不采信radius的时间而采用数据库的时间
  SET new.acctstarttime = NOW();
  SET new.acctupdatetime = NOW();

END
$$

--
-- Create trigger `offline_user_BEFORE_UPDATE`
--
CREATE
DEFINER = 'root'@'%'
TRIGGER offline_user_BEFORE_UPDATE
BEFORE UPDATE
ON offline_user
FOR EACH ROW
BEGIN
  #将radius进程传入的原始username，如格式为abc@realm 则改为 abc 存入 username, @realm 存入realm 字段
  IF INSTR(new.username, "@") > 0
    AND INSTR(new.realm, "@") = 0 THEN
    SET new.realm = SUBSTR(new.username, INSTR(new.username, "@"));
    SET new.username = LEFT(new.username, INSTR(new.username, "@") - 1);
  END IF;

  #为时间统一，不采信radius进程的时间。
  SET new.acctstoptime = NOW();

  IF new.acctsessiontime IS NOT NULL
    AND new.acctsessiontime != 0 THEN
    SET new.acctstarttime = DATE_SUB(new.acctstoptime, INTERVAL new.acctsessiontime SECOND);
  ELSE
    #radius 没有传入acctsessiontime字段要从online_user表中取出对应的上线时间。  
    SET @starttime := new.acctstoptime;
    SELECT
      acctstarttime INTO @starttime
    FROM online_user
    WHERE acctsessionid = new.acctsessionid LIMIT 1;
    SET new.acctstarttime := @starttime;
    #注意datetime类型不能直接相减获得时间差,必须使用TIMESTAMPDIFF函数
    SET new.acctsessiontime = ABS(TIMESTAMPDIFF(SECOND, new.acctstarttime, new.acctstoptime));
  END IF;

  # 扣减剩余时长
  UPDATE account_info
  SET second_remain = (second_remain - new.acctsessiontime)
  WHERE user_name = new.username
  AND realm = NEW.realm
  AND second_remain > 0;

  #扣减剩余流量
  UPDATE account_info
  SET byte_remain = (byte_remain - new.acctinputoctets - new.acctoutputoctets)
  WHERE user_name = new.username
  AND realm = NEW.realm
  AND byte_remain > 0;

  #该用户已经下线，所以从online_user表中删除对应表项
  DELETE
    FROM online_user
  WHERE acctsessionid = new.acctsessionid
    AND username = new.username
    AND realm = new.realm;
END
$$

--
-- Create trigger `offline_user_BEFORE_INSERT`
--
CREATE
DEFINER = 'root'@'%'
TRIGGER offline_user_BEFORE_INSERT
BEFORE INSERT
ON offline_user
FOR EACH ROW
BEGIN
  #将radius进程传入的原始username，如格式为abc@realm 则改为 abc 存入 username, @realm 存入realm 字段
  IF INSTR(new.username, "@") > 0
    AND INSTR(new.realm, "@") = 0 THEN
    SET new.realm = SUBSTR(new.username, INSTR(new.username, "@"));
    SET new.username = LEFT(new.username, INSTR(new.username, "@") - 1);
  END IF;
  #为时间统一，不采信radius进程的时间。
  SET new.acctstoptime = NOW();

  IF new.acctsessiontime IS NOT NULL
    AND new.acctsessiontime != 0 THEN
    SET new.acctstarttime = DATE_SUB(new.acctstoptime, INTERVAL new.acctsessiontime SECOND);
  ELSE
    #radius 没有传入acctsessiontime字段要从online_user表中取出对应的上线时间。  
    SET @starttime := new.acctstoptime;
    SELECT
      acctstarttime INTO @starttime
    FROM online_user
    WHERE acctsessionid = new.acctsessionid LIMIT 1;
    SET new.acctstarttime := @starttime;
    #注意datetime类型不能直接相减获得时间差,必须使用TIMESTAMPDIFF函数
    SET new.acctsessiontime = ABS(TIMESTAMPDIFF(SECOND, new.acctstarttime, new.acctstoptime));
  END IF;

  # 扣减剩余时长
  UPDATE account_info
  SET second_remain = (second_remain - new.acctsessiontime)
  WHERE user_name = new.username
  AND realm = NEW.realm
  AND second_remain > 0;

  #扣减剩余流量
  UPDATE account_info
  SET byte_remain = (byte_remain - new.acctinputoctets - new.acctoutputoctets)
  WHERE user_name = new.username
  AND realm = NEW.realm
  AND byte_remain > 0;

  #该用户已经下线，所以从online_user表中删除对应表项
  DELETE
    FROM online_user
  WHERE acctsessionid = new.acctsessionid
    AND username = new.username
    AND realm = new.realm;

END
$$

DELIMITER ;

-- 
-- Restore previous SQL mode
-- 
/*!40101 SET SQL_MODE=@OLD_SQL_MODE */;

-- 
-- Enable foreign keys
-- 
/*!40014 SET FOREIGN_KEY_CHECKS = @OLD_FOREIGN_KEY_CHECKS */;